{"cameraMode":{"drawMode":0,"name":"Shaded","section":"Shading Mode"},"sceneLighting":true,"audioPlay":false,"sceneViewState":{"showFog":true,"showMaterialUpdate":true,"showSkybox":false,"showFlares":true,"showImageEffects":true,"showParticleSystems":true},"in2DMode":false,"pivot":{"x":-17.88699722290039,"y":0.0676368698477745,"z":7.157998085021973},"rotation":{"x":0.10276901721954346,"y":0.12945707142353059,"z":-0.013362573459744454,"w":0.9862576723098755},"size":10.475138664245606,"orthographic":false}