{"cameraMode":{"drawMode":0,"name":"Shaded","section":"Shading Mode"},"sceneLighting":true,"audioPlay":false,"sceneViewState":{"showFog":true,"showMaterialUpdate":true,"showSkybox":true,"showFlares":true,"showImageEffects":true,"showParticleSystems":true},"in2DMode":false,"pivot":{"x":-4.213596820831299,"y":-2.2666878700256349,"z":2.2254276275634767},"rotation":{"x":-0.19353346526622773,"y":0.5446724891662598,"z":-0.13087394833564759,"w":-0.8054500222206116},"size":10.265048027038575,"orthographic":false}