{"cameraMode":{"drawMode":0,"name":"Shaded","section":"Shading Mode"},"sceneLighting":true,"audioPlay":false,"sceneViewState":{"showFog":true,"showMaterialUpdate":true,"showSkybox":true,"showFlares":true,"showImageEffects":true,"showParticleSystems":true},"in2DMode":false,"pivot":{"x":-27.60150146484375,"y":0.5345156192779541,"z":19.116533279418947},"rotation":{"x":0.04192620515823364,"y":-0.1329997181892395,"z":0.005629424471408129,"w":0.9903354048728943},"size":24.041532516479493,"orthographic":false}