{"cameraMode":{"drawMode":0,"name":"Shaded","section":"Shading Mode"},"sceneLighting":true,"audioPlay":false,"sceneViewState":{"showFog":true,"showMaterialUpdate":true,"showSkybox":true,"showFlares":true,"showImageEffects":true,"showParticleSystems":true},"in2DMode":false,"pivot":{"x":27.8704891204834,"y":-0.546481192111969,"z":18.183002471923829},"rotation":{"x":0.05728016421198845,"y":0.013479985296726227,"z":-0.0007781704189255834,"w":0.9983867406845093},"size":24.041532516479493,"orthographic":false}