{"cameraMode":{"drawMode":0,"name":"Shaded","section":"Shading Mode"},"sceneLighting":true,"audioPlay":false,"sceneViewState":{"showFog":true,"showMaterialUpdate":true,"showSkybox":false,"showFlares":true,"showImageEffects":true,"showParticleSystems":true},"in2DMode":false,"pivot":{"x":-20.262903213500978,"y":-0.5720445513725281,"z":3.892723798751831},"rotation":{"x":0.05725787952542305,"y":-0.02844388596713543,"z":0.0017447912832722068,"w":0.9980567693710327},"size":10.475138664245606,"orthographic":false}