{"cameraMode":{"drawMode":0,"name":"Shaded","section":"Shading Mode"},"sceneLighting":true,"audioPlay":false,"sceneViewState":{"showFog":true,"showMaterialUpdate":true,"showSkybox":true,"showFlares":true,"showImageEffects":true,"showParticleSystems":true},"in2DMode":false,"pivot":{"x":9.426965713500977,"y":0.082617849111557,"z":0.12214626371860504},"rotation":{"x":0.02523173950612545,"y":-0.5569765567779541,"z":0.016790729016065599,"w":0.8300763368606567},"size":2.8578836917877199,"orthographic":false}