{"cameraMode":{"drawMode":0,"name":"Shaded","section":"Shading Mode"},"sceneLighting":true,"audioPlay":false,"sceneViewState":{"showFog":true,"showMaterialUpdate":true,"showSkybox":true,"showFlares":true,"showImageEffects":true,"showParticleSystems":true},"in2DMode":false,"pivot":{"x":3.8275105953216554,"y":-3.2359461784362795,"z":7.5825090408325199},"rotation":{"x":0.17279237508773805,"y":-0.1529797911643982,"z":0.027190545573830606,"w":0.9727044701576233},"size":13.317108154296875,"orthographic":false}