{"cameraMode":{"drawMode":0,"name":"Shaded","section":"Shading Mode"},"sceneLighting":true,"audioPlay":false,"sceneViewState":{"showFog":true,"showMaterialUpdate":true,"showSkybox":true,"showFlares":true,"showImageEffects":true,"showParticleSystems":true},"in2DMode":false,"pivot":{"x":-13.250059127807618,"y":-0.051229629665613177,"z":12.409320831298829},"rotation":{"x":0.06972742825746536,"y":0.17124296724796296,"z":-0.01203076634556055,"w":0.9827890396118164},"size":24.041532516479493,"orthographic":false}